{"text": " I am an honest and courageous woman.", "segments": [{"id": 0, "seek": 0, "start": 0.0, "end": 5.0, "text": " I am an honest and courageous woman.", "tokens": [286, 669, 364, 3245, 293, 33233, 3059, 13], "temperature": 0.0, "avg_logprob": -0.9179161245172675, "compression_ratio": 0.8571428571428571, "no_speech_prob": 0.49492666125297546}], "language": "ta"}